id_venda,data_compra,cliente,produto,quantidade,valor_unitario,desconto_pct,faturamento
649,2024-01-01,Paulo Teixeira,Teclado,1,437.6,0.0,437.6
756,2024-01-01,Carla Oliveira,Teclado,3,474.75,0.0,1424.25
980,2024-01-01,Carla Oliveira,Headset,2,855.74,0.0,1711.48
213,2024-01-02,Gabriel Rocha,Headset,2,541.89,0.0,1083.78
69,2024-01-02,Thiago Guedes,Monitor,2,2154.02,0.0,4308.04
269,2024-01-02,William Torres,Monitor,1,2071.84,0.0,2071.84
884,2024-01-03,Lucas Araujo,Monitor,1,1634.6,0.0,1634.6
956,2024-01-04,Bruno Santos,Teclado,1,366.77,0.1,330.09
834,2024-01-05,Ana Silva,Notebook,1,5042.26,0.0,5042.26
722,2024-01-05,Thiago Guedes,Mouse,4,197.67,0.0,790.68
133,2024-01-05,Rafael Barros,Teclado,2,402.04,0.0,804.08
421,2024-01-05,Juliana Ribeiro,Monitor,2,1852.49,0.0,3704.98
952,2024-01-06,Ana Silva,Headset,2,838.84,0.0,1677.68
883,2024-01-07,Renata Farias,Mouse,2,133.08,0.0,266.16
694,2024-01-08,Ana Silva,Teclado,2,485.08,0.0,970.16
863,2024-01-08,Rafael Barros,Mouse,1,176.65,0.0,176.65
599,2024-01-09,William Torres,Monitor,1,1801.45,0.0,1801.45
276,2024-01-09,Renata Farias,Mouse,3,105.89,0.0,317.67
990,2024-01-10,Eduardo Lima,Notebook,1,4941.75,0.0,4941.75
719,2024-01-10,Ana Silva,Mouse,4,145.32,0.0,581.28
688,2024-01-12,Sofia Moura,Mouse,3,115.38,0.0,346.14
513,2024-01-12,Eduardo Lima,Notebook,1,4578.39,0.0,4578.39
994,2024-01-13,Thiago Guedes,Headset,1,252.18,0.0,252.18
54,2024-01-14,Diego Pereira,Monitor,2,1814.79,0.0,3629.58
98,2024-01-15,Carla Oliveira,Monitor,1,1536.18,0.05,1459.37
890,2024-01-15,Helena Martins,Teclado,3,375.15,0.1,1012.9
139,2024-01-15,Carla Oliveira,Notebook,1,3782.13,0.0,3782.13
491,2024-01-16,Rafael Barros,Teclado,1,373.29,0.0,373.29
341,2024-01-17,Sofia Moura,Notebook,2,5217.91,0.0,10435.82
366,2024-01-18,Helena Martins,Notebook,2,4313.18,0.0,8626.36
560,2024-01-19,Juliana Ribeiro,Monitor,1,1436.45,0.0,1436.45
391,2024-01-20,Diego Pereira,Monitor,1,1826.09,0.0,1826.09
7,2024-01-21,Gabriel Rocha,Headset,1,800.42,0.0,800.42
48,2024-01-21,Bruno Santos,Teclado,1,259.22,0.0,259.22
30,2024-01-22,Carla Oliveira,Monitor,2,1600.26,0.0,3200.52
320,2024-01-22,Bruno Santos,Teclado,1,241.57,0.0,241.57
481,2024-01-23,Natalia Pacheco,Monitor,2,2485.09,0.0,4970.18
746,2024-01-23,Igor Alves,Notebook,1,5411.43,0.0,5411.43
578,2024-01-25,Diego Pereira,Headset,2,876.79,0.0,1753.58
906,2024-01-25,Lucas Araujo,Notebook,1,4015.73,0.0,4015.73
861,2024-01-26,Fernanda Costa,Mouse,3,147.01,0.05,418.98
966,2024-01-26,Ana Silva,Notebook,1,4875.25,0.0,4875.25
328,2024-01-27,Mariana Nogueira,Mouse,2,123.39,0.0,246.78
164,2024-01-28,Carla Oliveira,Teclado,2,215.65,0.0,431.3
894,2024-01-28,Lucas Araujo,Mouse,3,90.63,0.0,271.89
117,2024-01-28,Paulo Teixeira,Headset,2,874.81,0.1,1574.66
874,2024-01-28,Vanessa Cunha,Notebook,1,3680.84,0.0,3680.84
613,2024-01-29,Eduardo Lima,Teclado,1,320.93,0.0,320.93
120,2024-02-02,Rafael Barros,Headset,2,688.77,0.0,1377.54
315,2024-02-02,Mariana Nogueira,Mouse,1,73.12,0.0,73.12
763,2024-02-03,Natalia Pacheco,Notebook,1,4632.19,0.0,4632.19
917,2024-02-03,Gabriel Rocha,Monitor,1,1981.32,0.0,1981.32
518,2024-02-04,Paulo Teixeira,Monitor,1,2239.79,0.05,2127.8
64,2024-02-04,William Torres,Teclado,3,418.22,0.0,1254.66
153,2024-02-05,Sofia Moura,Teclado,2,328.33,0.0,656.66
389,2024-02-05,Gabriel Rocha,Headset,1,650.98,0.0,650.98
547,2024-02-06,Renata Farias,Teclado,1,545.32,0.0,545.32
274,2024-02-06,Helena Martins,Mouse,3,91.49,0.0,274.47
350,2024-02-06,Mariana Nogueira,Teclado,3,328.07,0.0,984.21
322,2024-02-07,Helena Martins,Teclado,1,467.25,0.0,467.25
585,2024-02-08,Bruno Santos,Monitor,1,1107.49,0.0,1107.49
382,2024-02-08,Mariana Nogueira,Monitor,1,1171.81,0.0,1171.81
637,2024-02-08,Fernanda Costa,Teclado,3,485.97,0.0,1457.91
896,2024-02-08,Vanessa Cunha,Mouse,4,244.52,0.05,929.18
948,2024-02-09,Thiago Guedes,Teclado,2,379.34,0.0,758.68
116,2024-02-10,Natalia Pacheco,Headset,1,190.88,0.0,190.88
96,2024-02-10,Vanessa Cunha,Notebook,1,4172.28,0.0,4172.28
704,2024-02-10,Thiago Guedes,Headset,2,201.93,0.0,403.86
588,2024-02-11,Bruno Santos,Monitor,2,1978.39,0.0,3956.78
509,2024-02-12,William Torres,Mouse,4,183.24,0.0,732.96
815,2024-02-12,Natalia Pacheco,Notebook,1,3889.87,0.1,3500.88
346,2024-02-15,Juliana Ribeiro,Notebook,1,4691.13,0.0,4691.13
845,2024-02-15,Sofia Moura,Teclado,1,436.18,0.0,436.18
468,2024-02-16,Thiago Guedes,Notebook,2,3733.64,0.0,7467.28
851,2024-02-16,Diego Pereira,Monitor,1,2401.31,0.0,2401.31
425,2024-02-16,Diego Pereira,Notebook,1,4989.46,0.0,4989.46
676,2024-02-16,Mariana Nogueira,Notebook,1,3201.5,0.0,3201.5
121,2024-02-17,Helena Martins,Teclado,2,412.8,0.0,825.6
858,2024-02-17,Juliana Ribeiro,Monitor,1,980.56,0.0,980.56
339,2024-02-18,Carla Oliveira,Mouse,3,98.66,0.0,295.98
401,2024-02-20,Diego Pereira,Headset,2,485.89,0.0,971.78
832,2024-02-20,Mariana Nogueira,Mouse,2,62.05,0.0,124.1
757,2024-02-20,Diego Pereira,Mouse,1,112.72,0.0,112.72
418,2024-02-22,William Torres,Mouse,3,96.28,0.0,288.84
811,2024-02-22,Gabriel Rocha,Mouse,1,199.64,0.1,179.68
91,2024-02-22,Juliana Ribeiro,Notebook,2,5432.56,0.0,10865.12
222,2024-02-22,Renata Farias,Teclado,3,196.56,0.0,589.68
414,2024-02-23,Gabriel Rocha,Notebook,2,5359.86,0.0,10719.72
775,2024-02-23,William Torres,Mouse,4,236.44,0.0,945.76
284,2024-02-23,Gabriel Rocha,Notebook,2,4099.38,0.0,8198.76
870,2024-02-25,Natalia Pacheco,Notebook,1,4006.88,0.0,4006.88
855,2024-02-25,Gabriel Rocha,Monitor,2,2451.56,0.0,4903.12
436,2024-02-27,Thiago Guedes,Monitor,1,1289.43,0.1,1160.49
443,2024-02-27,Renata Farias,Mouse,1,121.81,0.0,121.81
660,2024-02-27,Lucas Araujo,Teclado,1,394.21,0.0,394.21
644,2024-02-27,Diego Pereira,Notebook,1,4326.14,0.0,4326.14
34,2024-02-28,Diego Pereira,Mouse,1,163.82,0.0,163.82
830,2024-03-01,Bruno Santos,Monitor,1,1539.23,0.0,1539.23
554,2024-03-02,Rafael Barros,Headset,2,826.1,0.0,1652.2
731,2024-03-03,Paulo Teixeira,Notebook,2,3488.62,0.0,6977.24
105,2024-03-03,Sofia Moura,Mouse,1,244.02,0.0,244.02
99,2024-03-05,Fernanda Costa,Headset,1,370.28,0.0,370.28
725,2024-03-05,Igor Alves,Teclado,2,254.9,0.05,484.31
909,2024-03-07,Paulo Teixeira,Mouse,4,218.39,0.05,829.88
575,2024-03-09,Renata Farias,Headset,2,286.04,0.0,572.08
809,2024-03-09,Rafael Barros,Headset,2,778.28,0.1,1400.9
467,2024-03-09,Igor Alves,Monitor,1,1946.95,0.0,1946.95
628,2024-03-10,Paulo Teixeira,Mouse,4,200.91,0.1,723.28
5,2024-03-12,Thiago Guedes,Monitor,2,2011.35,0.05,3821.56
766,2024-03-12,Ana Silva,Headset,2,424.78,0.0,849.56
849,2024-03-13,Diego Pereira,Mouse,4,167.92,0.0,671.68
600,2024-03-14,Bruno Santos,Teclado,2,505.83,0.05,961.08
784,2024-03-15,William Torres,Notebook,1,3767.31,0.0,3767.31
530,2024-03-15,Eduardo Lima,Notebook,1,3553.49,0.0,3553.49
955,2024-03-15,Helena Martins,Teclado,2,352.33,0.0,704.66
566,2024-03-16,Gabriel Rocha,Monitor,1,1036.17,0.0,1036.17
459,2024-03-16,Bruno Santos,Mouse,3,67.67,0.0,203.01
875,2024-03-18,Natalia Pacheco,Notebook,2,3394.78,0.0,6789.56
847,2024-03-18,Diego Pereira,Teclado,2,169.57,0.0,339.14
754,2024-03-18,Natalia Pacheco,Mouse,1,239.96,0.0,239.96
666,2024-03-20,William Torres,Notebook,2,4480.61,0.0,8961.22
210,2024-03-21,Helena Martins,Monitor,2,1610.27,0.0,3220.54
802,2024-03-21,Gabriel Rocha,Monitor,1,1402.2,0.0,1402.2
66,2024-03-21,Gabriel Rocha,Teclado,3,471.7,0.05,1344.34
751,2024-03-23,Paulo Teixeira,Monitor,2,1985.6,0.0,3971.2
753,2024-03-25,Natalia Pacheco,Teclado,2,527.09,0.0,1054.18
158,2024-03-26,Eduardo Lima,Notebook,1,4555.74,0.05,4327.95
899,2024-03-26,Sofia Moura,Notebook,1,3357.44,0.0,3357.44
463,2024-03-26,Ana Silva,Teclado,3,293.0,0.0,879.0
14,2024-03-28,Igor Alves,Headset,1,796.71,0.0,796.71
520,2024-03-30,Paulo Teixeira,Mouse,4,63.64,0.05,241.83
981,2024-03-30,Paulo Teixeira,Monitor,1,1189.89,0.0,1189.89
698,2024-03-30,Igor Alves,Monitor,1,1855.06,0.05,1762.31
634,2024-03-31,Renata Farias,Headset,2,472.9,0.0,945.8
59,2024-04-01,Gabriel Rocha,Monitor,1,982.94,0.0,982.94
398,2024-04-01,Bruno Santos,Teclado,2,270.64,0.0,541.28
828,2024-04-02,Gabriel Rocha,Notebook,1,4711.17,0.0,4711.17
469,2024-04-03,Igor Alves,Mouse,1,62.73,0.0,62.73
765,2024-04-04,Lucas Araujo,Monitor,1,1399.01,0.0,1399.01
819,2024-04-04,Natalia Pacheco,Headset,1,263.94,0.0,263.94
146,2024-04-05,Natalia Pacheco,Mouse,2,245.63,0.0,491.26
543,2024-04-05,Lucas Araujo,Notebook,1,5230.7,0.0,5230.7
446,2024-04-05,Thiago Guedes,Monitor,1,2220.67,0.0,2220.67
790,2024-04-07,Helena Martins,Teclado,2,554.09,0.0,1108.18
737,2024-04-08,Paulo Teixeira,Mouse,1,133.59,0.0,133.59
349,2024-04-08,Natalia Pacheco,Notebook,2,5048.77,0.0,10097.54
126,2024-04-08,Bruno Santos,Notebook,2,5377.49,0.0,10754.98
278,2024-04-08,Juliana Ribeiro,Teclado,1,170.57,0.0,170.57
576,2024-04-08,Renata Farias,Notebook,1,5438.08,0.0,5438.08
298,2024-04-08,Bruno Santos,Teclado,1,537.85,0.0,537.85
541,2024-04-08,Diego Pereira,Notebook,1,4595.75,0.0,4595.75
357,2024-04-08,Thiago Guedes,Monitor,1,1009.94,0.0,1009.94
483,2024-04-09,Renata Farias,Teclado,1,332.3,0.05,315.68
16,2024-04-09,Fernanda Costa,Notebook,2,4872.23,0.0,9744.46
786,2024-04-12,Bruno Santos,Notebook,2,4722.4,0.0,9444.8
422,2024-04-12,Vanessa Cunha,Notebook,2,3808.66,0.0,7617.32
1,2024-04-12,Fernanda Costa,Notebook,1,4803.58,0.0,4803.58
378,2024-04-13,Carla Oliveira,Headset,1,281.03,0.0,281.03
292,2024-04-13,Vanessa Cunha,Notebook,1,4444.08,0.0,4444.08
736,2024-04-14,Renata Farias,Headset,1,848.98,0.0,848.98
800,2024-04-15,Paulo Teixeira,Mouse,1,230.16,0.0,230.16
72,2024-04-15,Diego Pereira,Teclado,1,449.01,0.0,449.01
430,2024-04-15,Vanessa Cunha,Teclado,1,296.81,0.0,296.81
4,2024-04-16,Renata Farias,Teclado,2,562.08,0.0,1124.16
857,2024-04-16,Juliana Ribeiro,Monitor,2,1456.03,0.1,2620.85
911,2024-04-18,Thiago Guedes,Mouse,3,176.25,0.0,528.75
586,2024-04-18,Diego Pereira,Monitor,1,1310.34,0.0,1310.34
915,2024-04-20,Mariana Nogueira,Headset,2,435.53,0.0,871.06
913,2024-04-20,Mariana Nogueira,Teclado,1,242.56,0.0,242.56
816,2024-04-20,Lucas Araujo,Teclado,2,406.12,0.05,771.63
295,2024-04-21,Diego Pereira,Teclado,2,202.41,0.05,384.58
977,2024-04-22,Paulo Teixeira,Mouse,1,185.31,0.0,185.31
212,2024-04-22,Renata Farias,Teclado,1,264.5,0.0,264.5
207,2024-04-22,Diego Pereira,Headset,1,226.08,0.05,214.78
199,2024-04-22,Diego Pereira,Mouse,1,146.33,0.0,146.33
524,2024-04-24,Renata Farias,Notebook,1,5127.76,0.0,5127.76
359,2024-04-25,Sofia Moura,Mouse,4,148.21,0.0,592.84
658,2024-04-26,Eduardo Lima,Mouse,2,236.15,0.1,425.07
439,2024-04-26,Eduardo Lima,Mouse,2,186.7,0.0,373.4
958,2024-04-27,Fernanda Costa,Teclado,3,395.06,0.0,1185.18
772,2024-04-27,Sofia Moura,Mouse,3,237.74,0.0,713.22
973,2024-04-27,Juliana Ribeiro,Teclado,3,247.65,0.05,705.8
448,2024-04-27,Carla Oliveira,Headset,1,359.29,0.0,359.29
723,2024-04-28,Fernanda Costa,Teclado,3,173.56,0.0,520.68
434,2024-04-29,Bruno Santos,Teclado,1,136.16,0.05,129.35
285,2024-04-29,Fernanda Costa,Notebook,1,3738.67,0.0,3738.67
852,2024-04-30,Juliana Ribeiro,Teclado,1,513.0,0.05,487.35
695,2024-05-01,Rafael Barros,Mouse,3,89.35,0.0,268.05
9,2024-05-01,Carla Oliveira,Mouse,2,213.34,0.0,426.68
232,2024-05-02,Lucas Araujo,Notebook,2,3912.56,0.0,7825.12
242,2024-05-03,Eduardo Lima,Teclado,2,577.35,0.0,1154.7
406,2024-05-04,Diego Pereira,Headset,2,681.23,0.0,1362.46
814,2024-05-05,Sofia Moura,Notebook,2,4333.49,0.0,8666.98
901,2024-05-05,Diego Pereira,Mouse,4,82.11,0.0,328.44
638,2024-05-05,Carla Oliveira,Monitor,2,1101.6,0.0,2203.2
440,2024-05-06,Fernanda Costa,Notebook,1,3942.96,0.0,3942.96
365,2024-05-07,Thiago Guedes,Headset,1,656.41,0.0,656.41
102,2024-05-08,Thiago Guedes,Notebook,1,3817.63,0.0,3817.63
221,2024-05-09,Carla Oliveira,Notebook,2,3798.54,0.1,6837.37
281,2024-05-10,Paulo Teixeira,Notebook,1,4597.83,0.0,4597.83
18,2024-05-10,Lucas Araujo,Monitor,2,2415.35,0.0,4830.7
45,2024-05-10,Igor Alves,Monitor,1,2284.47,0.0,2284.47
627,2024-05-11,Ana Silva,Notebook,2,4325.6,0.0,8651.2
803,2024-05-12,Diego Pereira,Monitor,1,2005.69,0.0,2005.69
593,2024-05-12,Diego Pereira,Teclado,2,284.47,0.0,568.94
659,2024-05-13,William Torres,Teclado,3,585.56,0.0,1756.68
311,2024-05-14,Bruno Santos,Notebook,2,4367.95,0.05,8299.1
118,2024-05-14,Helena Martins,Mouse,2,107.67,0.0,215.34
945,2024-05-16,Gabriel Rocha,Mouse,3,216.65,0.0,649.95
804,2024-05-17,Diego Pereira,Teclado,3,250.38,0.05,713.58
106,2024-05-18,Bruno Santos,Mouse,3,174.69,0.0,524.07
985,2024-05-18,Helena Martins,Teclado,3,382.3,0.0,1146.9
978,2024-05-19,Vanessa Cunha,Teclado,1,450.26,0.0,450.26
680,2024-05-22,Gabriel Rocha,Mouse,1,202.55,0.0,202.55
397,2024-05-22,Fernanda Costa,Mouse,3,98.43,0.0,295.29
583,2024-05-23,Juliana Ribeiro,Headset,2,395.56,0.0,791.12
574,2024-05-23,Igor Alves,Monitor,2,1167.99,0.0,2335.98
265,2024-05-23,Juliana Ribeiro,Mouse,4,82.33,0.0,329.32
239,2024-05-23,Eduardo Lima,Mouse,2,209.97,0.0,419.94
707,2024-05-24,Igor Alves,Notebook,1,4374.34,0.0,4374.34
903,2024-05-24,Vanessa Cunha,Monitor,2,2401.57,0.0,4803.14
752,2024-05-24,Eduardo Lima,Teclado,1,272.42,0.0,272.42
726,2024-05-25,Natalia Pacheco,Notebook,2,3599.04,0.0,7198.08
912,2024-05-25,Diego Pereira,Mouse,1,130.96,0.0,130.96
251,2024-05-26,William Torres,Notebook,2,4357.2,0.0,8714.4
252,2024-05-27,Thiago Guedes,Notebook,1,3645.89,0.0,3645.89
665,2024-05-28,Helena Martins,Mouse,4,76.53,0.0,306.12
407,2024-05-29,Natalia Pacheco,Headset,2,455.62,0.0,911.24
260,2024-05-30,Igor Alves,Headset,1,295.46,0.0,295.46
582,2024-05-30,Renata Farias,Mouse,4,121.99,0.0,487.96
283,2024-05-31,Renata Farias,Headset,1,221.57,0.05,210.49
299,2024-06-01,Sofia Moura,Headset,2,634.62,0.1,1142.32
768,2024-06-02,Sofia Moura,Headset,1,498.81,0.0,498.81
460,2024-06-02,Renata Farias,Notebook,1,4145.74,0.0,4145.74
375,2024-06-03,Rafael Barros,Headset,1,721.26,0.1,649.13
97,2024-06-05,Thiago Guedes,Notebook,2,3997.01,0.0,7994.02
344,2024-06-06,Sofia Moura,Headset,1,877.01,0.0,877.01
275,2024-06-08,Renata Farias,Mouse,2,229.26,0.0,458.52
155,2024-06-08,Renata Farias,Teclado,1,328.51,0.0,328.51
495,2024-06-08,Mariana Nogueira,Mouse,4,183.41,0.1,660.28
305,2024-06-09,Rafael Barros,Notebook,2,3528.54,0.0,7057.08
362,2024-06-09,Eduardo Lima,Monitor,1,2034.03,0.0,2034.03
27,2024-06-09,Ana Silva,Teclado,1,125.48,0.0,125.48
78,2024-06-10,Helena Martins,Mouse,4,187.58,0.0,750.32
302,2024-06-11,Bruno Santos,Monitor,1,1869.02,0.0,1869.02
594,2024-06-11,Carla Oliveira,Teclado,1,535.04,0.0,535.04
614,2024-06-13,Lucas Araujo,Teclado,1,340.05,0.0,340.05
796,2024-06-14,Vanessa Cunha,Notebook,1,4726.1,0.0,4726.1
49,2024-06-15,Helena Martins,Monitor,1,2294.26,0.0,2294.26
633,2024-06-15,Helena Martins,Notebook,1,5177.53,0.0,5177.53
607,2024-06-16,Diego Pereira,Notebook,2,4322.02,0.0,8644.04
508,2024-06-16,Gabriel Rocha,Monitor,1,2015.42,0.0,2015.42
995,2024-06-16,Bruno Santos,Headset,1,191.95,0.05,182.35
608,2024-06-18,Igor Alves,Notebook,1,3389.23,0.05,3219.77
151,2024-06-19,Thiago Guedes,Mouse,3,202.19,0.0,606.57
993,2024-06-20,Paulo Teixeira,Teclado,3,308.69,0.0,926.07
342,2024-06-20,Lucas Araujo,Notebook,1,4095.63,0.0,4095.63
640,2024-06-21,Rafael Barros,Teclado,2,576.69,0.0,1153.38
968,2024-06-21,Ana Silva,Mouse,3,187.51,0.0,562.53
664,2024-06-21,Diego Pereira,Notebook,1,4045.0,0.0,4045.0
605,2024-06-22,Thiago Guedes,Monitor,1,1898.4,0.0,1898.4
381,2024-06-24,William Torres,Mouse,1,201.03,0.0,201.03
729,2024-06-25,Helena Martins,Headset,1,462.31,0.0,462.31
561,2024-06-25,Helena Martins,Teclado,2,152.17,0.0,304.34
702,2024-06-26,William Torres,Teclado,2,517.23,0.0,1034.46
484,2024-06-28,Renata Farias,Notebook,2,4827.01,0.0,9654.02
355,2024-06-29,William Torres,Mouse,3,126.6,0.0,379.8
632,2024-06-30,Fernanda Costa,Monitor,1,1478.25,0.0,1478.25
818,2024-07-01,Bruno Santos,Monitor,2,1163.05,0.0,2326.1
805,2024-07-02,Fernanda Costa,Monitor,2,1204.98,0.05,2289.46
231,2024-07-02,Juliana Ribeiro,Teclado,3,258.81,0.0,776.43
589,2024-07-04,Thiago Guedes,Headset,1,225.05,0.0,225.05
243,2024-07-05,Diego Pereira,Teclado,3,276.84,0.0,830.52
93,2024-07-06,Paulo Teixeira,Monitor,2,1545.76,0.0,3091.52
454,2024-07-07,Bruno Santos,Mouse,1,202.15,0.1,181.94
546,2024-07-08,Gabriel Rocha,Mouse,4,223.97,0.0,895.88
174,2024-07-08,Thiago Guedes,Teclado,2,471.71,0.0,943.42
652,2024-07-08,Sofia Moura,Mouse,4,95.2,0.05,361.76
405,2024-07-08,Sofia Moura,Notebook,1,3377.03,0.0,3377.03
39,2024-07-08,Natalia Pacheco,Notebook,1,5184.07,0.05,4924.87
360,2024-07-09,William Torres,Mouse,2,197.32,0.0,394.64
654,2024-07-09,Sofia Moura,Mouse,2,101.55,0.0,203.1
539,2024-07-10,Gabriel Rocha,Headset,2,484.8,0.0,969.6
25,2024-07-10,Carla Oliveira,Headset,2,198.14,0.05,376.47
338,2024-07-10,Helena Martins,Mouse,3,231.34,0.0,694.02
891,2024-07-10,Lucas Araujo,Teclado,1,135.68,0.1,122.11
963,2024-07-12,Fernanda Costa,Teclado,1,589.61,0.0,589.61
611,2024-07-12,Renata Farias,Teclado,2,514.74,0.0,1029.48
312,2024-07-13,Thiago Guedes,Monitor,1,1570.83,0.0,1570.83
826,2024-07-13,Ana Silva,Monitor,1,2213.57,0.0,2213.57
825,2024-07-13,Ana Silva,Headset,2,850.72,0.0,1701.44
526,2024-07-14,Carla Oliveira,Monitor,2,2437.47,0.0,4874.94
423,2024-07-14,Gabriel Rocha,Teclado,2,437.75,0.0,875.5
237,2024-07-16,Fernanda Costa,Notebook,1,4013.72,0.0,4013.72
708,2024-07-19,Rafael Barros,Teclado,2,415.26,0.0,830.52
241,2024-07-19,Renata Farias,Mouse,1,233.62,0.05,221.94
119,2024-07-19,Juliana Ribeiro,Teclado,3,444.49,0.0,1333.47
79,2024-07-20,Thiago Guedes,Mouse,1,180.13,0.0,180.13
668,2024-07-21,Fernanda Costa,Teclado,3,502.04,0.0,1506.12
230,2024-07-21,William Torres,Monitor,1,1076.69,0.0,1076.69
471,2024-07-22,Gabriel Rocha,Mouse,2,178.51,0.1,321.32
813,2024-07-23,Eduardo Lima,Teclado,1,258.21,0.0,258.21
65,2024-07-24,Helena Martins,Teclado,1,280.34,0.0,280.34
781,2024-07-25,Paulo Teixeira,Teclado,1,584.68,0.0,584.68
138,2024-07-25,Thiago Guedes,Teclado,1,399.8,0.0,399.8
280,2024-07-26,Renata Farias,Notebook,2,4394.22,0.0,8788.44
905,2024-07-30,Gabriel Rocha,Mouse,1,74.59,0.0,74.59
667,2024-07-31,Ana Silva,Mouse,3,220.57,0.05,628.62
853,2024-08-01,William Torres,Mouse,4,246.88,0.0,987.52
11,2024-08-02,Bruno Santos,Headset,1,428.65,0.0,428.65
595,2024-08-02,Diego Pereira,Mouse,2,89.44,0.0,178.88
876,2024-08-03,Ana Silva,Mouse,2,148.67,0.0,297.34
732,2024-08-04,Igor Alves,Notebook,1,4977.37,0.05,4728.5
552,2024-08-04,Paulo Teixeira,Teclado,1,598.67,0.0,598.67
92,2024-08-04,Fernanda Costa,Teclado,3,174.39,0.0,523.17
625,2024-08-04,Thiago Guedes,Teclado,1,298.3,0.0,298.3
134,2024-08-05,William Torres,Headset,2,684.82,0.0,1369.64
472,2024-08-05,Carla Oliveira,Monitor,2,2119.68,0.0,4239.36
215,2024-08-07,Carla Oliveira,Notebook,1,4329.52,0.0,4329.52
642,2024-08-07,Paulo Teixeira,Teclado,3,392.51,0.0,1177.53
343,2024-08-07,Ana Silva,Mouse,4,162.93,0.05,619.13
466,2024-08-07,Renata Farias,Notebook,1,3919.39,0.0,3919.39
485,2024-08-10,Carla Oliveira,Notebook,1,4095.23,0.0,4095.23
951,2024-08-10,Renata Farias,Headset,1,452.91,0.0,452.91
591,2024-08-10,Renata Farias,Headset,2,762.5,0.0,1525.0
727,2024-08-11,Ana Silva,Notebook,2,4073.43,0.1,7332.17
975,2024-08-12,Vanessa Cunha,Teclado,3,132.37,0.0,397.11
189,2024-08-12,Ana Silva,Notebook,2,3357.46,0.0,6714.92
217,2024-08-12,Diego Pereira,Teclado,3,170.59,0.0,511.77
175,2024-08-12,Juliana Ribeiro,Mouse,1,175.28,0.0,175.28
329,2024-08-13,Rafael Barros,Mouse,3,210.4,0.0,631.2
294,2024-08-14,Sofia Moura,Monitor,1,2023.43,0.0,2023.43
671,2024-08-14,Lucas Araujo,Notebook,1,3707.16,0.0,3707.16
914,2024-08-15,Renata Farias,Notebook,2,3443.51,0.0,6887.02
949,2024-08-16,Rafael Barros,Monitor,1,2251.47,0.05,2138.9
669,2024-08-16,Gabriel Rocha,Teclado,3,204.06,0.05,581.57
782,2024-08-16,Ana Silva,Teclado,2,334.42,0.0,668.84
603,2024-08-17,Helena Martins,Teclado,3,362.64,0.05,1033.52
323,2024-08-17,Paulo Teixeira,Mouse,4,161.77,0.0,647.08
115,2024-08-18,Bruno Santos,Mouse,3,110.81,0.0,332.43
149,2024-08-18,Sofia Moura,Monitor,1,1593.73,0.0,1593.73
898,2024-08-18,Bruno Santos,Teclado,1,463.08,0.0,463.08
173,2024-08-18,Helena Martins,Teclado,3,340.29,0.05,969.83
842,2024-08-20,Fernanda Costa,Notebook,1,4568.15,0.0,4568.15
277,2024-08-20,William Torres,Monitor,2,1466.83,0.0,2933.66
677,2024-08-20,Sofia Moura,Teclado,1,537.92,0.0,537.92
910,2024-08-20,Eduardo Lima,Headset,2,766.56,0.0,1533.12
197,2024-08-20,William Torres,Headset,2,659.85,0.0,1319.7
565,2024-08-20,Fernanda Costa,Monitor,1,2400.74,0.0,2400.74
190,2024-08-21,Thiago Guedes,Teclado,2,298.13,0.0,596.26
596,2024-08-22,Renata Farias,Headset,1,239.57,0.0,239.57
776,2024-08-23,Ana Silva,Teclado,2,149.67,0.05,284.37
452,2024-08-24,Bruno Santos,Notebook,1,5497.45,0.0,5497.45
854,2024-08-26,Igor Alves,Mouse,1,109.34,0.0,109.34
728,2024-08-26,Igor Alves,Notebook,1,5043.33,0.0,5043.33
144,2024-08-28,Renata Farias,Monitor,1,1201.66,0.0,1201.66
55,2024-08-29,Mariana Nogueira,Notebook,1,5115.51,0.0,5115.51
720,2024-08-29,Helena Martins,Headset,1,350.98,0.0,350.98
157,2024-08-30,Rafael Barros,Monitor,1,914.49,0.0,914.49
946,2024-08-30,Natalia Pacheco,Mouse,2,87.82,0.0,175.64
43,2024-08-31,Carla Oliveira,Mouse,1,135.35,0.0,135.35
380,2024-09-02,Ana Silva,Notebook,2,4627.09,0.0,9254.18
458,2024-09-03,Ana Silva,Monitor,1,1286.39,0.0,1286.39
228,2024-09-03,Juliana Ribeiro,Monitor,1,2202.6,0.0,2202.6
795,2024-09-05,Juliana Ribeiro,Notebook,2,3688.63,0.0,7377.26
850,2024-09-05,Natalia Pacheco,Headset,1,393.38,0.0,393.38
769,2024-09-06,Lucas Araujo,Headset,2,367.95,0.05,699.1
721,2024-09-07,Fernanda Costa,Teclado,1,143.81,0.05,136.62
85,2024-09-08,Diego Pereira,Mouse,3,112.5,0.1,303.75
629,2024-09-08,Fernanda Costa,Mouse,4,153.59,0.0,614.36
713,2024-09-09,Fernanda Costa,Teclado,3,136.76,0.0,410.28
865,2024-09-09,Vanessa Cunha,Teclado,3,397.26,0.05,1132.19
602,2024-09-09,Carla Oliveira,Teclado,2,398.74,0.0,797.48
516,2024-09-09,Helena Martins,Headset,1,507.72,0.0,507.72
361,2024-09-09,William Torres,Headset,2,652.85,0.05,1240.42
31,2024-09-09,Thiago Guedes,Headset,1,349.18,0.0,349.18
293,2024-09-10,William Torres,Headset,2,681.43,0.0,1362.86
271,2024-09-10,Juliana Ribeiro,Notebook,1,3571.13,0.0,3571.13
479,2024-09-10,William Torres,Headset,2,602.59,0.0,1205.18
363,2024-09-12,Renata Farias,Teclado,1,124.01,0.05,117.81
716,2024-09-12,Carla Oliveira,Teclado,1,522.81,0.0,522.81
862,2024-09-13,William Torres,Notebook,2,3721.0,0.0,7442.0
493,2024-09-14,Thiago Guedes,Notebook,1,5489.95,0.0,5489.95
987,2024-09-15,Igor Alves,Teclado,3,196.91,0.0,590.73
181,2024-09-15,Sofia Moura,Headset,1,772.55,0.0,772.55
685,2024-09-15,Vanessa Cunha,Mouse,2,152.36,0.1,274.25
991,2024-09-17,Diego Pereira,Monitor,1,2336.74,0.0,2336.74
264,2024-09-19,Helena Martins,Teclado,3,230.21,0.0,690.63
417,2024-09-20,Juliana Ribeiro,Monitor,2,1331.22,0.0,2662.44
567,2024-09-21,Lucas Araujo,Notebook,1,4086.87,0.05,3882.53
203,2024-09-24,Vanessa Cunha,Monitor,2,1584.16,0.0,3168.32
774,2024-09-24,Helena Martins,Teclado,3,298.8,0.0,896.4
505,2024-09-24,Juliana Ribeiro,Monitor,1,1167.77,0.0,1167.77
427,2024-09-25,Rafael Barros,Headset,2,315.16,0.0,630.32
80,2024-09-26,Helena Martins,Mouse,3,97.81,0.0,293.43
3,2024-09-27,Thiago Guedes,Teclado,2,341.62,0.0,683.24
81,2024-09-27,Paulo Teixeira,Teclado,1,320.8,0.0,320.8
453,2024-09-28,Natalia Pacheco,Monitor,2,1422.62,0.0,2845.24
897,2024-09-29,Renata Farias,Monitor,2,1799.5,0.0,3599.0
553,2024-09-29,Helena Martins,Mouse,1,65.7,0.0,65.7
50,2024-09-30,Rafael Barros,Teclado,3,442.9,0.0,1328.7
888,2024-09-30,Helena Martins,Monitor,1,2394.0,0.0,2394.0
26,2024-10-03,Igor Alves,Mouse,2,219.41,0.0,438.82
934,2024-10-03,Sofia Moura,Notebook,2,5238.22,0.0,10476.44
308,2024-10-03,Carla Oliveira,Teclado,2,308.09,0.0,616.18
330,2024-10-03,Diego Pereira,Teclado,3,336.62,0.0,1009.86
535,2024-10-03,Helena Martins,Teclado,1,404.56,0.0,404.56
551,2024-10-05,William Torres,Mouse,1,212.5,0.0,212.5
351,2024-10-06,Ana Silva,Teclado,2,598.65,0.05,1137.44
235,2024-10-06,Paulo Teixeira,Monitor,2,1756.89,0.0,3513.78
824,2024-10-07,Helena Martins,Mouse,1,185.15,0.0,185.15
730,2024-10-08,Gabriel Rocha,Monitor,2,2101.23,0.0,4202.46
926,2024-10-08,Gabriel Rocha,Mouse,2,91.96,0.0,183.92
327,2024-10-09,Rafael Barros,Teclado,3,352.85,0.0,1058.55
178,2024-10-09,Lucas Araujo,Teclado,3,576.72,0.0,1730.16
332,2024-10-10,Ana Silva,Teclado,2,530.39,0.0,1060.78
511,2024-10-11,William Torres,Headset,1,292.47,0.0,292.47
465,2024-10-11,Vanessa Cunha,Mouse,3,167.57,0.0,502.71
372,2024-10-14,Rafael Barros,Mouse,2,205.64,0.0,411.28
931,2024-10-15,William Torres,Monitor,1,2070.38,0.0,2070.38
478,2024-10-15,William Torres,Monitor,2,2283.09,0.0,4566.18
112,2024-10-15,Juliana Ribeiro,Monitor,1,1858.47,0.0,1858.47
234,2024-10-20,Thiago Guedes,Teclado,2,367.2,0.0,734.4
87,2024-10-22,Igor Alves,Teclado,1,590.58,0.0,590.58
262,2024-10-24,Ana Silva,Headset,1,309.06,0.0,309.06
969,2024-10-26,Bruno Santos,Notebook,2,5052.49,0.0,10104.98
626,2024-10-27,Vanessa Cunha,Teclado,2,213.68,0.0,427.36
515,2024-10-28,Rafael Barros,Headset,1,687.7,0.0,687.7
354,2024-10-28,William Torres,Notebook,1,3706.26,0.0,3706.26
868,2024-10-29,Gabriel Rocha,Mouse,3,215.93,0.05,615.4
780,2024-10-29,Carla Oliveira,Teclado,1,192.23,0.0,192.23
270,2024-10-30,Helena Martins,Headset,1,550.75,0.0,550.75
411,2024-10-31,Rafael Barros,Teclado,3,250.53,0.0,751.59
678,2024-10-31,Helena Martins,Teclado,3,500.45,0.0,1501.35
773,2024-11-01,Lucas Araujo,Mouse,1,95.29,0.0,95.29
789,2024-11-01,Helena Martins,Teclado,2,397.39,0.0,794.78
794,2024-11-03,Eduardo Lima,Monitor,1,911.0,0.0,911.0
20,2024-11-04,Sofia Moura,Monitor,1,1508.83,0.1,1357.95
882,2024-11-07,Helena Martins,Notebook,2,5094.33,0.0,10188.66
29,2024-11-09,Renata Farias,Mouse,2,244.35,0.0,488.7
408,2024-11-09,Mariana Nogueira,Mouse,2,216.15,0.0,432.3
929,2024-11-10,Lucas Araujo,Notebook,1,3732.18,0.0,3732.18
53,2024-11-11,Lucas Araujo,Monitor,1,1899.8,0.0,1899.8
701,2024-11-11,Rafael Barros,Teclado,2,310.98,0.0,621.96
187,2024-11-13,Diego Pereira,Mouse,3,200.2,0.0,600.6
999,2024-11-14,Thiago Guedes,Notebook,2,3737.77,0.0,7475.54
983,2024-11-15,Bruno Santos,Headset,1,340.33,0.0,340.33
927,2024-11-15,Helena Martins,Notebook,2,5222.46,0.0,10444.92
998,2024-11-16,Carla Oliveira,Notebook,1,3574.94,0.0,3574.94
392,2024-11-16,Natalia Pacheco,Teclado,1,423.55,0.0,423.55
953,2024-11-17,Lucas Araujo,Notebook,2,3777.69,0.0,7555.38
369,2024-11-18,Helena Martins,Notebook,2,4977.46,0.0,9954.92
364,2024-11-18,Igor Alves,Mouse,4,101.36,0.1,364.9
489,2024-11-20,Juliana Ribeiro,Mouse,1,236.54,0.0,236.54
971,2024-11-21,Rafael Barros,Mouse,2,136.04,0.0,272.08
244,2024-11-21,Lucas Araujo,Teclado,3,290.12,0.0,870.36
624,2024-11-22,Paulo Teixeira,Mouse,4,229.01,0.0,916.04
807,2024-11-25,Eduardo Lima,Headset,1,426.32,0.0,426.32
689,2024-11-25,Eduardo Lima,Teclado,2,219.62,0.0,439.24
168,2024-11-26,Helena Martins,Headset,1,358.83,0.0,358.83
12,2024-11-26,Helena Martins,Notebook,1,3971.9,0.0,3971.9
798,2024-11-30,Juliana Ribeiro,Mouse,3,136.46,0.0,409.38
791,2024-11-30,Juliana Ribeiro,Headset,1,768.53,0.0,768.53
492,2024-12-01,Renata Farias,Mouse,2,100.21,0.0,200.42
860,2024-12-02,Bruno Santos,Notebook,1,4791.63,0.0,4791.63
257,2024-12-03,Igor Alves,Headset,1,718.82,0.0,718.82
300,2024-12-03,Natalia Pacheco,Headset,1,563.4,0.0,563.4
90,2024-12-03,Thiago Guedes,Monitor,1,1186.98,0.05,1127.63
616,2024-12-04,Ana Silva,Teclado,3,395.66,0.0,1186.98
167,2024-12-05,Ana Silva,Monitor,2,921.99,0.0,1843.98
58,2024-12-05,Renata Farias,Teclado,2,443.53,0.0,887.06
475,2024-12-06,Rafael Barros,Monitor,1,1891.24,0.0,1891.24
620,2024-12-07,Eduardo Lima,Notebook,2,3921.91,0.0,7843.82
410,2024-12-07,Fernanda Costa,Mouse,1,211.29,0.0,211.29
557,2024-12-07,William Torres,Monitor,1,1644.02,0.0,1644.02
101,2024-12-09,Paulo Teixeira,Mouse,4,151.78,0.0,607.12
21,2024-12-09,Eduardo Lima,Monitor,1,1160.86,0.0,1160.86
56,2024-12-11,Renata Farias,Notebook,1,5284.0,0.0,5284.0
437,2024-12-11,Gabriel Rocha,Teclado,2,387.52,0.0,775.04
844,2024-12-11,Mariana Nogueira,Teclado,2,135.57,0.0,271.14
266,2024-12-11,Carla Oliveira,Teclado,3,199.34,0.0,598.02
249,2024-12-11,Vanessa Cunha,Mouse,2,134.62,0.0,269.24
651,2024-12-13,William Torres,Mouse,2,168.47,0.0,336.94
764,2024-12-13,Carla Oliveira,Teclado,2,595.25,0.0,1190.5
696,2024-12-13,Igor Alves,Teclado,1,353.89,0.0,353.89
171,2024-12-13,Ana Silva,Mouse,2,107.04,0.0,214.08
352,2024-12-14,Rafael Barros,Mouse,4,166.22,0.0,664.88
246,2024-12-14,Gabriel Rocha,Mouse,3,238.81,0.0,716.43
940,2024-12-15,Igor Alves,Notebook,2,4930.52,0.0,9861.04
856,2024-12-15,Igor Alves,Headset,2,490.49,0.0,980.98
942,2024-12-15,Rafael Barros,Notebook,1,4758.11,0.0,4758.11
424,2024-12-15,Fernanda Costa,Headset,2,766.76,0.0,1533.52
399,2024-12-19,Ana Silva,Teclado,2,235.92,0.0,471.84
480,2024-12-22,Natalia Pacheco,Notebook,2,4536.19,0.0,9072.38
690,2024-12-23,Ana Silva,Headset,1,351.47,0.05,333.9
182,2024-12-24,Igor Alves,Teclado,3,567.7,0.0,1703.1
822,2024-12-25,Sofia Moura,Notebook,1,3991.1,0.0,3991.1
648,2024-12-26,Fernanda Costa,Monitor,1,1495.48,0.0,1495.48
886,2024-12-28,Paulo Teixeira,Mouse,3,237.19,0.0,711.57
324,2024-12-30,Gabriel Rocha,Teclado,1,521.34,0.0,521.34
619,2024-12-30,Gabriel Rocha,Mouse,4,223.82,0.05,850.52
878,2024-12-30,Eduardo Lima,Monitor,1,2245.45,0.0,2245.45
60,2025-01-01,Eduardo Lima,Notebook,1,4462.37,0.0,4462.37
573,2025-01-01,Ana Silva,Mouse,3,79.19,0.0,237.57
548,2025-01-03,Thiago Guedes,Mouse,4,97.36,0.0,389.44
656,2025-01-03,Juliana Ribeiro,Mouse,2,216.89,0.0,433.78
919,2025-01-03,Sofia Moura,Mouse,1,73.32,0.0,73.32
428,2025-01-04,Helena Martins,Notebook,2,3403.29,0.0,6806.58
693,2025-01-07,Renata Farias,Mouse,3,148.6,0.0,445.8
683,2025-01-07,Paulo Teixeira,Mouse,2,126.73,0.05,240.79
347,2025-01-07,Renata Farias,Notebook,1,3370.44,0.0,3370.44
15,2025-01-07,Vanessa Cunha,Monitor,2,2021.87,0.0,4043.74
820,2025-01-08,Diego Pereira,Teclado,3,382.41,0.0,1147.23
193,2025-01-08,Fernanda Costa,Notebook,1,4438.16,0.0,4438.16
724,2025-01-08,Carla Oliveira,Mouse,1,175.58,0.0,175.58
319,2025-01-09,Paulo Teixeira,Mouse,3,190.84,0.05,543.89
532,2025-01-10,Juliana Ribeiro,Notebook,1,3837.13,0.0,3837.13
930,2025-01-11,Juliana Ribeiro,Monitor,1,1703.88,0.0,1703.88
177,2025-01-11,Eduardo Lima,Headset,2,238.43,0.05,453.02
113,2025-01-13,Juliana Ribeiro,Teclado,3,419.35,0.0,1258.05
500,2025-01-14,Gabriel Rocha,Mouse,1,146.41,0.0,146.41
94,2025-01-14,Fernanda Costa,Mouse,3,200.2,0.0,600.6
570,2025-01-18,Helena Martins,Notebook,1,3727.54,0.05,3541.16
739,2025-01-19,William Torres,Headset,2,193.79,0.1,348.82
218,2025-01-19,Thiago Guedes,Monitor,1,2123.11,0.0,2123.11
176,2025-01-19,Diego Pereira,Teclado,1,442.98,0.0,442.98
877,2025-01-20,Diego Pereira,Teclado,1,351.42,0.0,351.42
205,2025-01-20,Igor Alves,Monitor,1,1938.92,0.0,1938.92
377,2025-01-20,Diego Pereira,Headset,1,552.97,0.1,497.67
24,2025-01-20,Natalia Pacheco,Teclado,2,304.49,0.0,608.98
206,2025-01-21,Helena Martins,Mouse,1,237.89,0.0,237.89
650,2025-01-21,Thiago Guedes,Headset,1,281.68,0.0,281.68
68,2025-01-22,Bruno Santos,Mouse,4,72.99,0.0,291.96
51,2025-01-22,Gabriel Rocha,Headset,2,753.61,0.0,1507.22
777,2025-01-23,Renata Farias,Teclado,2,164.33,0.0,328.66
714,2025-01-24,Eduardo Lima,Monitor,1,1781.86,0.0,1781.86
70,2025-01-24,Renata Farias,Notebook,1,3857.24,0.0,3857.24
965,2025-01-26,Ana Silva,Notebook,1,4108.86,0.05,3903.42
310,2025-01-26,Juliana Ribeiro,Mouse,4,98.82,0.0,395.28
109,2025-01-26,William Torres,Mouse,1,240.77,0.1,216.69
441,2025-01-27,Renata Farias,Notebook,1,5265.21,0.0,5265.21
137,2025-01-27,Fernanda Costa,Headset,1,191.08,0.0,191.08
609,2025-01-27,William Torres,Mouse,3,147.32,0.1,397.76
379,2025-01-27,William Torres,Monitor,1,1973.85,0.0,1973.85
537,2025-01-28,Igor Alves,Monitor,1,983.18,0.0,983.18
908,2025-01-28,Rafael Barros,Mouse,1,136.61,0.05,129.78
577,2025-01-30,Sofia Moura,Teclado,2,484.46,0.05,920.47
563,2025-01-30,Thiago Guedes,Headset,1,768.22,0.0,768.22
512,2025-01-31,Helena Martins,Headset,2,637.88,0.1,1148.18
558,2025-01-31,Carla Oliveira,Mouse,4,221.0,0.0,884.0
307,2025-02-01,Diego Pereira,Headset,2,328.5,0.0,657.0
590,2025-02-01,Fernanda Costa,Notebook,1,3684.17,0.0,3684.17
136,2025-02-01,Mariana Nogueira,Teclado,2,315.91,0.0,631.82
394,2025-02-03,Fernanda Costa,Teclado,3,347.48,0.0,1042.44
778,2025-02-04,Ana Silva,Teclado,1,198.14,0.0,198.14
806,2025-02-04,Vanessa Cunha,Mouse,2,95.08,0.0,190.16
313,2025-02-04,Fernanda Costa,Notebook,2,3241.69,0.0,6483.38
233,2025-02-04,Renata Farias,Mouse,2,107.49,0.0,214.98
75,2025-02-05,Igor Alves,Monitor,2,1498.27,0.0,2996.54
675,2025-02-05,Renata Farias,Headset,2,369.54,0.0,739.08
219,2025-02-06,Juliana Ribeiro,Monitor,1,1555.47,0.0,1555.47
833,2025-02-06,Helena Martins,Monitor,1,2222.48,0.0,2222.48
248,2025-02-06,Eduardo Lima,Mouse,3,79.49,0.0,238.47
282,2025-02-07,Natalia Pacheco,Notebook,1,3764.31,0.0,3764.31
740,2025-02-08,Bruno Santos,Mouse,3,217.1,0.0,651.3
839,2025-02-08,Igor Alves,Mouse,3,246.31,0.0,738.93
123,2025-02-10,Rafael Barros,Headset,2,375.19,0.0,750.38
148,2025-02-10,Carla Oliveira,Mouse,1,61.58,0.0,61.58
386,2025-02-11,Helena Martins,Notebook,1,5288.93,0.0,5288.93
691,2025-02-11,Paulo Teixeira,Mouse,2,232.6,0.0,465.2
657,2025-02-12,Thiago Guedes,Monitor,1,1357.13,0.0,1357.13
972,2025-02-13,Gabriel Rocha,Headset,2,743.97,0.0,1487.94
185,2025-02-14,Vanessa Cunha,Headset,1,624.08,0.0,624.08
531,2025-02-16,Gabriel Rocha,Notebook,2,4517.0,0.0,9034.0
23,2025-02-17,Natalia Pacheco,Mouse,3,199.54,0.0,598.62
681,2025-02-18,Lucas Araujo,Mouse,2,88.89,0.0,177.78
630,2025-02-18,Sofia Moura,Mouse,3,151.8,0.05,432.63
261,2025-02-18,Rafael Barros,Mouse,4,187.99,0.0,751.96
227,2025-02-19,William Torres,Monitor,1,2310.7,0.0,2310.7
507,2025-02-20,Vanessa Cunha,Monitor,2,2005.41,0.0,4010.82
523,2025-02-21,Carla Oliveira,Monitor,1,2019.42,0.0,2019.42
111,2025-02-22,Juliana Ribeiro,Notebook,1,3411.75,0.0,3411.75
533,2025-02-23,Fernanda Costa,Notebook,1,5319.01,0.0,5319.01
290,2025-02-23,Fernanda Costa,Monitor,2,1565.24,0.0,3130.48
291,2025-02-25,Sofia Moura,Teclado,3,325.89,0.0,977.67
787,2025-02-25,Paulo Teixeira,Teclado,3,480.57,0.0,1441.71
615,2025-02-25,Sofia Moura,Mouse,3,197.75,0.05,563.59
922,2025-02-28,Juliana Ribeiro,Notebook,1,3560.67,0.0,3560.67
503,2025-03-02,Paulo Teixeira,Headset,2,448.65,0.0,897.3
62,2025-03-03,Renata Farias,Mouse,3,118.29,0.0,354.87
474,2025-03-07,Diego Pereira,Notebook,1,5125.38,0.0,5125.38
967,2025-03-10,Bruno Santos,Monitor,2,1453.29,0.0,2906.58
785,2025-03-10,Paulo Teixeira,Teclado,2,346.06,0.0,692.12
792,2025-03-10,Renata Farias,Monitor,2,2111.28,0.0,4222.56
462,2025-03-10,Vanessa Cunha,Mouse,3,64.26,0.0,192.78
2,2025-03-11,Paulo Teixeira,Notebook,1,4842.95,0.1,4358.66
745,2025-03-12,Renata Farias,Monitor,1,948.17,0.05,900.76
932,2025-03-12,Fernanda Costa,Mouse,4,242.04,0.0,968.16
771,2025-03-13,Ana Silva,Headset,1,780.89,0.0,780.89
326,2025-03-13,Thiago Guedes,Headset,1,787.19,0.0,787.19
229,2025-03-14,Sofia Moura,Teclado,2,448.86,0.0,897.72
962,2025-03-16,Helena Martins,Monitor,1,910.21,0.0,910.21
674,2025-03-16,Helena Martins,Mouse,2,107.44,0.05,204.14
201,2025-03-17,Rafael Barros,Mouse,3,107.19,0.0,321.57
487,2025-03-17,Fernanda Costa,Headset,1,609.73,0.0,609.73
928,2025-03-18,Mariana Nogueira,Headset,1,581.07,0.0,581.07
415,2025-03-19,Igor Alves,Mouse,4,180.91,0.0,723.64
564,2025-03-20,Bruno Santos,Headset,1,793.83,0.0,793.83
631,2025-03-20,Fernanda Costa,Notebook,1,5127.93,0.0,5127.93
760,2025-03-21,Gabriel Rocha,Monitor,1,916.46,0.0,916.46
941,2025-03-21,Helena Martins,Notebook,2,4421.98,0.0,8843.96
793,2025-03-22,Sofia Moura,Headset,2,220.04,0.1,396.07
456,2025-03-22,Thiago Guedes,Notebook,2,5173.45,0.05,9829.55
761,2025-03-24,Carla Oliveira,Notebook,2,4846.91,0.0,9693.82
718,2025-03-25,Renata Farias,Notebook,2,3257.43,0.0,6514.86
812,2025-03-25,Carla Oliveira,Notebook,2,4422.35,0.0,8844.7
639,2025-03-26,Bruno Santos,Monitor,1,1214.27,0.0,1214.27
273,2025-03-28,Ana Silva,Teclado,3,129.18,0.0,387.54
470,2025-03-28,Mariana Nogueira,Notebook,1,4958.01,0.0,4958.01
334,2025-03-28,Thiago Guedes,Monitor,1,1646.1,0.0,1646.1
568,2025-03-30,Bruno Santos,Notebook,1,3363.38,0.0,3363.38
61,2025-03-30,Mariana Nogueira,Teclado,3,258.06,0.0,774.18
184,2025-03-31,Rafael Barros,Headset,2,324.2,0.0,648.4
647,2025-03-31,William Torres,Teclado,2,385.28,0.0,770.56
82,2025-03-31,Paulo Teixeira,Headset,2,720.68,0.0,1441.36
755,2025-04-01,Helena Martins,Notebook,2,5235.17,0.0,10470.34
538,2025-04-01,Helena Martins,Mouse,3,66.03,0.0,198.09
750,2025-04-02,Paulo Teixeira,Headset,1,620.25,0.0,620.25
13,2025-04-03,Paulo Teixeira,Mouse,1,245.92,0.0,245.92
28,2025-04-04,Paulo Teixeira,Monitor,1,2025.92,0.0,2025.92
317,2025-04-04,Bruno Santos,Monitor,1,1797.09,0.0,1797.09
734,2025-04-05,Diego Pereira,Notebook,1,4758.0,0.0,4758.0
710,2025-04-05,Vanessa Cunha,Notebook,1,4372.66,0.0,4372.66
141,2025-04-05,Diego Pereira,Mouse,1,241.94,0.0,241.94
131,2025-04-06,Igor Alves,Mouse,3,227.77,0.0,683.31
83,2025-04-06,Rafael Barros,Notebook,1,3433.16,0.1,3089.84
245,2025-04-08,Renata Farias,Monitor,2,1709.01,0.0,3418.02
835,2025-04-10,Sofia Moura,Headset,2,255.21,0.0,510.42
10,2025-04-11,Diego Pereira,Headset,2,320.57,0.0,641.14
954,2025-04-12,Diego Pereira,Monitor,2,2250.74,0.05,4276.41
579,2025-04-13,Renata Farias,Notebook,1,4211.4,0.0,4211.4
916,2025-04-14,Mariana Nogueira,Teclado,1,318.32,0.0,318.32
318,2025-04-14,Gabriel Rocha,Notebook,1,4645.38,0.0,4645.38
396,2025-04-15,Diego Pereira,Teclado,3,250.05,0.0,750.15
687,2025-04-15,Fernanda Costa,Notebook,1,3292.14,0.0,3292.14
104,2025-04-16,Rafael Barros,Monitor,1,1950.81,0.0,1950.81
196,2025-04-16,Igor Alves,Monitor,1,2332.55,0.0,2332.55
297,2025-04-17,Natalia Pacheco,Monitor,1,1559.13,0.0,1559.13
172,2025-04-17,Lucas Araujo,Notebook,1,3343.81,0.0,3343.81
259,2025-04-17,Rafael Barros,Teclado,3,413.06,0.0,1239.18
438,2025-04-18,Paulo Teixeira,Headset,1,208.07,0.0,208.07
473,2025-04-18,Paulo Teixeira,Mouse,2,67.4,0.0,134.8
900,2025-04-18,Fernanda Costa,Teclado,1,320.48,0.1,288.43
873,2025-04-18,Thiago Guedes,Teclado,3,277.53,0.0,832.59
496,2025-04-19,Paulo Teixeira,Monitor,2,2187.06,0.0,4374.12
33,2025-04-19,Vanessa Cunha,Teclado,3,512.22,0.0,1536.66
37,2025-04-20,Helena Martins,Mouse,1,155.91,0.0,155.91
742,2025-04-20,Natalia Pacheco,Mouse,3,207.3,0.0,621.9
646,2025-04-20,Bruno Santos,Teclado,3,230.32,0.0,690.96
345,2025-04-21,Natalia Pacheco,Notebook,1,3353.1,0.0,3353.1
73,2025-04-21,Mariana Nogueira,Monitor,1,1431.93,0.0,1431.93
383,2025-04-21,Thiago Guedes,Mouse,1,97.05,0.0,97.05
333,2025-04-25,Bruno Santos,Teclado,2,543.63,0.0,1087.26
797,2025-04-25,Juliana Ribeiro,Teclado,1,317.37,0.0,317.37
580,2025-04-28,Carla Oliveira,Monitor,2,1345.39,0.0,2690.78
147,2025-04-29,Mariana Nogueira,Teclado,1,168.91,0.0,168.91
893,2025-04-29,Diego Pereira,Mouse,3,137.47,0.0,412.41
46,2025-04-29,Eduardo Lima,Notebook,1,3561.73,0.0,3561.73
762,2025-05-02,Vanessa Cunha,Mouse,4,194.19,0.0,776.76
451,2025-05-02,Mariana Nogueira,Headset,2,248.34,0.0,496.68
254,2025-05-03,Sofia Moura,Notebook,2,4756.96,0.0,9513.92
114,2025-05-04,Lucas Araujo,Notebook,2,4691.56,0.05,8913.96
376,2025-05-04,Helena Martins,Teclado,2,505.44,0.0,1010.88
601,2025-05-06,Juliana Ribeiro,Teclado,1,185.83,0.0,185.83
22,2025-05-06,Igor Alves,Notebook,1,5008.27,0.0,5008.27
95,2025-05-07,Fernanda Costa,Notebook,2,4820.48,0.0,9640.96
529,2025-05-07,Sofia Moura,Teclado,1,312.91,0.0,312.91
618,2025-05-10,Mariana Nogueira,Headset,1,739.48,0.0,739.48
353,2025-05-11,Fernanda Costa,Mouse,2,121.02,0.0,242.04
494,2025-05-11,Lucas Araujo,Monitor,1,2469.79,0.0,2469.79
200,2025-05-11,Thiago Guedes,Monitor,1,1908.4,0.0,1908.4
107,2025-05-13,Rafael Barros,Mouse,4,74.63,0.0,298.52
517,2025-05-13,Diego Pereira,Headset,2,660.79,0.0,1321.58
621,2025-05-14,Ana Silva,Notebook,1,4437.45,0.0,4437.45
527,2025-05-15,Ana Silva,Teclado,2,377.25,0.0,754.5
706,2025-05-16,Renata Farias,Mouse,2,124.68,0.0,249.36
122,2025-05-17,Sofia Moura,Notebook,2,3919.69,0.0,7839.38
937,2025-05-17,Lucas Araujo,Headset,2,637.5,0.0,1275.0
135,2025-05-17,Vanessa Cunha,Mouse,1,189.22,0.0,189.22
960,2025-05-18,Thiago Guedes,Teclado,2,138.85,0.05,263.82
309,2025-05-18,Vanessa Cunha,Teclado,1,549.92,0.0,549.92
44,2025-05-19,William Torres,Monitor,2,1110.74,0.0,2221.48
653,2025-05-19,Ana Silva,Mouse,3,112.94,0.0,338.82
572,2025-05-20,Rafael Barros,Notebook,1,3817.69,0.05,3626.81
889,2025-05-20,William Torres,Mouse,3,189.93,0.0,569.79
388,2025-05-20,Renata Farias,Notebook,2,4573.46,0.0,9146.92
170,2025-05-20,Eduardo Lima,Teclado,2,249.99,0.0,499.98
887,2025-05-22,Igor Alves,Headset,2,265.42,0.0,530.84
808,2025-05-22,Ana Silva,Notebook,1,4188.9,0.0,4188.9
655,2025-05-22,Renata Farias,Monitor,1,1192.54,0.05,1132.91
63,2025-05-23,Ana Silva,Mouse,4,127.06,0.0,508.24
296,2025-05-24,Sofia Moura,Monitor,1,1700.18,0.0,1700.18
204,2025-05-24,Mariana Nogueira,Mouse,1,144.08,0.0,144.08
623,2025-05-25,Carla Oliveira,Teclado,1,594.94,0.0,594.94
35,2025-05-25,Eduardo Lima,Teclado,3,584.18,0.05,1664.91
238,2025-05-25,Rafael Barros,Mouse,4,217.43,0.0,869.72
250,2025-05-25,Lucas Araujo,Headset,1,578.43,0.0,578.43
738,2025-05-25,Bruno Santos,Teclado,1,151.76,0.0,151.76
986,2025-05-25,Juliana Ribeiro,Notebook,1,4159.54,0.05,3951.56
340,2025-05-26,Paulo Teixeira,Headset,2,228.22,0.0,456.44
393,2025-05-26,Igor Alves,Notebook,1,3559.9,0.0,3559.9
445,2025-05-27,Thiago Guedes,Notebook,1,5491.16,0.0,5491.16
840,2025-05-27,William Torres,Teclado,3,223.05,0.0,669.15
682,2025-05-27,Vanessa Cunha,Headset,2,509.99,0.0,1019.98
939,2025-05-30,Helena Martins,Teclado,3,313.54,0.0,940.62
490,2025-05-30,Rafael Barros,Teclado,3,284.11,0.05,809.71
336,2025-05-30,Sofia Moura,Mouse,3,133.69,0.05,381.02
612,2025-05-31,Gabriel Rocha,Teclado,3,147.35,0.05,419.95
741,2025-06-01,Carla Oliveira,Notebook,2,4406.89,0.0,8813.78
348,2025-06-01,Paulo Teixeira,Notebook,1,4063.58,0.0,4063.58
924,2025-06-01,William Torres,Headset,1,210.18,0.0,210.18
604,2025-06-02,Rafael Barros,Teclado,1,189.16,0.0,189.16
821,2025-06-03,Carla Oliveira,Teclado,3,553.16,0.0,1659.48
100,2025-06-04,Paulo Teixeira,Notebook,1,3672.27,0.05,3488.66
482,2025-06-05,Eduardo Lima,Monitor,1,2110.77,0.0,2110.77
843,2025-06-07,Helena Martins,Teclado,1,474.66,0.0,474.66
550,2025-06-08,Natalia Pacheco,Teclado,3,257.53,0.0,772.59
154,2025-06-08,Rafael Barros,Teclado,1,244.18,0.0,244.18
904,2025-06-08,Ana Silva,Mouse,2,185.74,0.0,371.48
387,2025-06-08,Diego Pereira,Mouse,1,204.16,0.05,193.95
880,2025-06-09,Natalia Pacheco,Mouse,1,132.39,0.0,132.39
872,2025-06-09,William Torres,Mouse,2,213.09,0.0,426.18
679,2025-06-09,Thiago Guedes,Mouse,3,179.19,0.0,537.57
636,2025-06-14,Vanessa Cunha,Monitor,1,1626.38,0.0,1626.38
673,2025-06-15,Thiago Guedes,Mouse,4,226.07,0.0,904.28
976,2025-06-15,William Torres,Teclado,2,409.69,0.0,819.38
838,2025-06-17,Lucas Araujo,Monitor,1,1089.93,0.0,1089.93
902,2025-06-20,Ana Silva,Teclado,2,414.14,0.0,828.28
385,2025-06-21,Paulo Teixeira,Notebook,1,4924.95,0.0,4924.95
703,2025-06-23,Eduardo Lima,Notebook,1,3592.63,0.0,3592.63
152,2025-06-24,Lucas Araujo,Monitor,2,2363.28,0.0,4726.56
799,2025-06-25,Gabriel Rocha,Teclado,1,544.6,0.0,544.6
947,2025-06-26,Paulo Teixeira,Mouse,2,218.26,0.0,436.52
501,2025-06-28,Diego Pereira,Headset,1,665.85,0.0,665.85
810,2025-06-29,Diego Pereira,Teclado,1,177.55,0.0,177.55
846,2025-06-29,Natalia Pacheco,Monitor,1,1751.67,0.0,1751.67
337,2025-06-30,Helena Martins,Headset,2,758.55,0.0,1517.1
129,2025-06-30,Bruno Santos,Monitor,2,2411.58,0.0,4823.16
712,2025-06-30,Helena Martins,Notebook,1,3315.56,0.0,3315.56
950,2025-07-01,Paulo Teixeira,Mouse,1,141.95,0.0,141.95
542,2025-07-01,Lucas Araujo,Mouse,4,227.38,0.0,909.52
984,2025-07-03,Sofia Moura,Monitor,1,1391.55,0.0,1391.55
256,2025-07-04,Renata Farias,Mouse,4,223.17,0.0,892.68
767,2025-07-04,Thiago Guedes,Mouse,4,75.0,0.1,270.0
476,2025-07-04,Vanessa Cunha,Monitor,2,1801.43,0.0,3602.86
140,2025-07-07,Mariana Nogueira,Mouse,4,145.55,0.0,582.2
921,2025-07-07,Diego Pereira,Monitor,1,1190.85,0.0,1190.85
77,2025-07-09,Mariana Nogueira,Mouse,4,181.93,0.0,727.72
510,2025-07-09,Ana Silva,Notebook,1,3833.16,0.0,3833.16
166,2025-07-09,Mariana Nogueira,Headset,1,711.88,0.05,676.29
661,2025-07-09,Igor Alves,Mouse,3,87.17,0.0,261.51
161,2025-07-10,Natalia Pacheco,Monitor,1,1287.24,0.0,1287.24
711,2025-07-11,Vanessa Cunha,Notebook,2,4352.93,0.0,8705.86
979,2025-07-12,Eduardo Lima,Notebook,2,3476.89,0.05,6606.09
449,2025-07-13,Thiago Guedes,Headset,2,595.23,0.0,1190.46
32,2025-07-14,Juliana Ribeiro,Teclado,1,458.34,0.0,458.34
67,2025-07-15,Gabriel Rocha,Teclado,3,314.17,0.05,895.38
801,2025-07-16,Sofia Moura,Teclado,2,556.4,0.0,1112.8
325,2025-07-16,Diego Pereira,Teclado,3,514.27,0.0,1542.81
41,2025-07-16,Fernanda Costa,Teclado,3,504.0,0.0,1512.0
145,2025-07-17,Vanessa Cunha,Mouse,4,187.77,0.0,751.08
571,2025-07-17,Helena Martins,Teclado,3,345.17,0.0,1035.51
202,2025-07-17,Natalia Pacheco,Notebook,1,4822.56,0.0,4822.56
747,2025-07-18,Juliana Ribeiro,Monitor,1,1968.59,0.0,1968.59
581,2025-07-18,Fernanda Costa,Mouse,1,211.68,0.0,211.68
57,2025-07-18,Paulo Teixeira,Monitor,1,919.45,0.0,919.45
367,2025-07-19,Sofia Moura,Notebook,1,3212.22,0.0,3212.22
216,2025-07-19,Vanessa Cunha,Teclado,1,565.01,0.0,565.01
684,2025-07-19,Paulo Teixeira,Mouse,1,77.82,0.0,77.82
71,2025-07-19,Carla Oliveira,Teclado,3,327.73,0.0,983.19
42,2025-07-20,Sofia Moura,Mouse,3,165.01,0.0,495.03
584,2025-07-22,Bruno Santos,Notebook,1,3734.76,0.0,3734.76
368,2025-07-23,Bruno Santos,Mouse,3,212.85,0.0,638.55
409,2025-07-23,Ana Silva,Mouse,4,185.31,0.0,741.24
268,2025-07-25,Renata Farias,Monitor,1,2049.98,0.0,2049.98
419,2025-07-25,Carla Oliveira,Mouse,4,191.98,0.0,767.92
859,2025-07-26,Juliana Ribeiro,Monitor,2,984.42,0.05,1870.4
124,2025-07-27,Diego Pereira,Mouse,3,173.56,0.0,520.68
961,2025-07-27,Renata Farias,Teclado,3,250.56,0.0,751.68
162,2025-07-27,Diego Pereira,Mouse,2,195.67,0.0,391.34
143,2025-07-28,Gabriel Rocha,Mouse,3,219.56,0.05,625.75
404,2025-07-28,Mariana Nogueira,Monitor,1,1200.67,0.0,1200.67
506,2025-07-30,Eduardo Lima,Mouse,3,155.07,0.0,465.21
159,2025-07-31,Rafael Barros,Mouse,1,176.53,0.0,176.53
783,2025-07-31,Igor Alves,Mouse,4,155.29,0.05,590.1
306,2025-08-02,Gabriel Rocha,Teclado,3,452.2,0.1,1220.94
907,2025-08-02,Eduardo Lima,Notebook,2,4466.53,0.05,8486.41
457,2025-08-03,Sofia Moura,Teclado,3,598.86,0.0,1796.58
936,2025-08-04,Sofia Moura,Monitor,2,2366.27,0.0,4732.54
288,2025-08-09,Sofia Moura,Headset,1,623.74,0.0,623.74
598,2025-08-10,Fernanda Costa,Teclado,2,265.16,0.0,530.32
108,2025-08-15,Rafael Barros,Teclado,1,156.28,0.05,148.47
715,2025-08-16,Igor Alves,Mouse,2,143.25,0.0,286.5
920,2025-08-17,Ana Silva,Mouse,1,135.1,0.0,135.1
555,2025-08-18,Igor Alves,Notebook,1,4632.05,0.0,4632.05
997,2025-08-18,Thiago Guedes,Headset,1,613.76,0.0,613.76
52,2025-08-23,Gabriel Rocha,Monitor,2,1300.75,0.0,2601.5
450,2025-08-23,Mariana Nogueira,Mouse,1,72.78,0.0,72.78
522,2025-08-24,Eduardo Lima,Monitor,1,1875.52,0.0,1875.52
836,2025-08-26,Helena Martins,Mouse,1,169.6,0.05,161.12
435,2025-08-26,Vanessa Cunha,Headset,1,813.01,0.0,813.01
521,2025-08-27,Natalia Pacheco,Mouse,3,208.03,0.1,561.68
959,2025-08-28,Fernanda Costa,Mouse,3,121.79,0.0,365.37
943,2025-08-29,Eduardo Lima,Mouse,1,141.41,0.0,141.41
356,2025-08-29,Gabriel Rocha,Teclado,2,298.82,0.0,597.64
514,2025-08-29,Diego Pereira,Monitor,2,1186.97,0.0,2373.94
488,2025-08-30,Sofia Moura,Monitor,2,2385.09,0.1,4293.16
195,2025-08-30,Eduardo Lima,Teclado,3,296.86,0.0,890.58
331,2025-08-31,Juliana Ribeiro,Monitor,1,1193.51,0.0,1193.51
240,2025-08-31,Juliana Ribeiro,Monitor,2,1392.47,0.0,2784.94
735,2025-09-01,Sofia Moura,Mouse,4,167.5,0.0,670.0
236,2025-09-01,Carla Oliveira,Notebook,2,4020.84,0.0,8041.68
263,2025-09-02,Helena Martins,Notebook,1,4796.08,0.0,4796.08
562,2025-09-03,Sofia Moura,Monitor,1,2460.55,0.0,2460.55
477,2025-09-03,William Torres,Notebook,1,4636.61,0.0,4636.61
130,2025-09-04,Gabriel Rocha,Mouse,1,199.94,0.0,199.94
1000,2025-09-04,Bruno Santos,Teclado,2,131.38,0.0,262.76
923,2025-09-04,Fernanda Costa,Mouse,2,217.19,0.0,434.38
416,2025-09-04,William Torres,Headset,1,413.65,0.0,413.65
504,2025-09-04,Rafael Barros,Teclado,3,572.01,0.05,1630.23
208,2025-09-04,Juliana Ribeiro,Notebook,1,5096.91,0.1,4587.22
8,2025-09-06,Sofia Moura,Monitor,1,1338.51,0.0,1338.51
525,2025-09-08,Igor Alves,Headset,2,758.02,0.0,1516.04
165,2025-09-11,Lucas Araujo,Monitor,1,2303.95,0.0,2303.95
420,2025-09-11,Rafael Barros,Notebook,1,3703.05,0.0,3703.05
885,2025-09-14,Paulo Teixeira,Teclado,1,265.58,0.0,265.58
918,2025-09-14,Mariana Nogueira,Notebook,1,4713.77,0.0,4713.77
779,2025-09-15,Carla Oliveira,Mouse,2,173.09,0.0,346.18
938,2025-09-15,Lucas Araujo,Teclado,2,422.31,0.0,844.62
267,2025-09-15,Renata Farias,Notebook,1,3204.58,0.0,3204.58
289,2025-09-16,Paulo Teixeira,Monitor,1,1791.01,0.0,1791.01
864,2025-09-16,Sofia Moura,Headset,2,362.06,0.0,724.12
209,2025-09-16,Diego Pereira,Headset,1,390.52,0.0,390.52
528,2025-09-17,Carla Oliveira,Teclado,2,354.48,0.0,708.96
371,2025-09-17,Diego Pereira,Monitor,2,1006.34,0.05,1912.05
180,2025-09-19,Gabriel Rocha,Monitor,2,2188.14,0.0,4376.28
287,2025-09-19,Vanessa Cunha,Monitor,1,2435.78,0.0,2435.78
892,2025-09-22,Renata Farias,Mouse,1,150.36,0.0,150.36
179,2025-09-24,Igor Alves,Monitor,1,2241.59,0.0,2241.59
610,2025-09-25,Eduardo Lima,Monitor,1,1390.34,0.0,1390.34
592,2025-09-25,Natalia Pacheco,Teclado,3,190.52,0.0,571.56
831,2025-09-25,Sofia Moura,Notebook,1,3951.63,0.0,3951.63
444,2025-09-25,Ana Silva,Headset,1,828.69,0.05,787.26
429,2025-09-27,William Torres,Headset,1,683.24,0.0,683.24
643,2025-09-29,Mariana Nogueira,Teclado,1,398.07,0.0,398.07
447,2025-09-29,Rafael Barros,Notebook,1,5143.2,0.0,5143.2
220,2025-09-29,Eduardo Lima,Mouse,2,184.48,0.0,368.96
869,2025-09-30,Mariana Nogueira,Mouse,2,150.7,0.0,301.4
374,2025-09-30,Thiago Guedes,Headset,1,743.01,0.0,743.01
255,2025-10-01,Natalia Pacheco,Monitor,1,2240.65,0.0,2240.65
314,2025-10-01,Vanessa Cunha,Notebook,2,5023.34,0.0,10046.68
169,2025-10-01,Thiago Guedes,Mouse,3,100.74,0.0,302.22
258,2025-10-02,Eduardo Lima,Monitor,2,1602.74,0.0,3205.48
442,2025-10-02,Bruno Santos,Mouse,2,228.74,0.0,457.48
996,2025-10-03,Natalia Pacheco,Mouse,4,185.73,0.0,742.92
214,2025-10-03,Igor Alves,Teclado,3,146.96,0.0,440.88
132,2025-10-04,Bruno Santos,Notebook,1,3666.06,0.0,3666.06
744,2025-10-06,Thiago Guedes,Headset,2,428.46,0.0,856.92
970,2025-10-06,Carla Oliveira,Notebook,1,5377.54,0.1,4839.79
841,2025-10-06,Mariana Nogueira,Notebook,1,3354.64,0.1,3019.18
957,2025-10-07,Rafael Barros,Mouse,2,118.61,0.0,237.22
163,2025-10-07,Igor Alves,Headset,1,245.8,0.0,245.8
47,2025-10-08,Mariana Nogueira,Headset,2,403.05,0.0,806.1
617,2025-10-09,Paulo Teixeira,Monitor,2,1967.54,0.0,3935.08
699,2025-10-09,William Torres,Mouse,2,249.92,0.0,499.84
103,2025-10-09,Diego Pereira,Notebook,1,3861.16,0.0,3861.16
186,2025-10-10,William Torres,Notebook,1,4908.63,0.0,4908.63
992,2025-10-11,William Torres,Notebook,1,3393.49,0.0,3393.49
272,2025-10-13,Gabriel Rocha,Teclado,1,160.11,0.05,152.1
641,2025-10-14,Renata Farias,Teclado,1,204.24,0.0,204.24
606,2025-10-14,Thiago Guedes,Teclado,1,251.35,0.0,251.35
982,2025-10-15,Gabriel Rocha,Mouse,2,178.32,0.1,320.98
395,2025-10-15,Carla Oliveira,Teclado,1,463.87,0.0,463.87
150,2025-10-16,Helena Martins,Teclado,1,164.46,0.0,164.46
426,2025-10-17,Helena Martins,Headset,2,727.81,0.0,1455.62
686,2025-10-17,Ana Silva,Teclado,1,561.96,0.0,561.96
461,2025-10-17,Lucas Araujo,Notebook,1,3499.19,0.0,3499.19
433,2025-10-18,Gabriel Rocha,Teclado,3,244.6,0.0,733.8
622,2025-10-18,Natalia Pacheco,Notebook,2,5132.25,0.0,10264.5
597,2025-10-19,Bruno Santos,Headset,1,528.87,0.0,528.87
486,2025-10-20,Bruno Santos,Headset,1,344.79,0.0,344.79
279,2025-10-20,Rafael Barros,Mouse,1,102.25,0.0,102.25
432,2025-10-20,Ana Silva,Teclado,1,134.95,0.0,134.95
335,2025-10-20,Gabriel Rocha,Teclado,2,156.34,0.0,312.68
672,2025-10-20,Helena Martins,Teclado,3,224.74,0.0,674.22
247,2025-10-21,Gabriel Rocha,Monitor,1,2302.11,0.0,2302.11
645,2025-10-21,Renata Farias,Mouse,3,182.5,0.0,547.5
933,2025-10-23,Igor Alves,Monitor,2,1252.71,0.0,2505.42
19,2025-10-23,Mariana Nogueira,Monitor,1,1694.01,0.0,1694.01
545,2025-10-24,Vanessa Cunha,Teclado,1,221.39,0.0,221.39
373,2025-10-24,Sofia Moura,Teclado,2,400.18,0.0,800.36
817,2025-10-24,Fernanda Costa,Teclado,3,328.25,0.0,984.75
544,2025-10-25,Igor Alves,Teclado,2,436.34,0.0,872.68
497,2025-10-25,Gabriel Rocha,Mouse,3,195.87,0.0,587.61
17,2025-10-25,Rafael Barros,Monitor,1,1799.32,0.0,1799.32
944,2025-10-25,Carla Oliveira,Mouse,1,198.98,0.0,198.98
192,2025-10-25,Eduardo Lima,Monitor,2,1835.12,0.0,3670.24
402,2025-10-26,Sofia Moura,Mouse,4,232.49,0.0,929.96
879,2025-10-27,Sofia Moura,Mouse,4,102.04,0.0,408.16
827,2025-10-28,Lucas Araujo,Teclado,1,391.97,0.0,391.97
692,2025-10-29,Juliana Ribeiro,Mouse,2,148.93,0.05,282.97
431,2025-10-31,Ana Silva,Headset,2,491.29,0.0,982.58
321,2025-10-31,Juliana Ribeiro,Teclado,1,124.79,0.1,112.31
829,2025-11-02,Rafael Barros,Headset,1,826.84,0.0,826.84
663,2025-11-02,Fernanda Costa,Mouse,1,211.57,0.0,211.57
225,2025-11-02,William Torres,Headset,1,313.67,0.1,282.3
194,2025-11-02,Natalia Pacheco,Headset,1,373.57,0.05,354.89
988,2025-11-03,Lucas Araujo,Teclado,1,202.05,0.0,202.05
286,2025-11-03,Rafael Barros,Mouse,4,101.72,0.0,406.88
770,2025-11-04,Thiago Guedes,Mouse,1,125.24,0.0,125.24
499,2025-11-05,Igor Alves,Notebook,1,3322.7,0.0,3322.7
110,2025-11-05,William Torres,Monitor,1,1375.67,0.0,1375.67
670,2025-11-06,Helena Martins,Teclado,1,442.93,0.05,420.78
536,2025-11-06,Juliana Ribeiro,Notebook,2,4016.33,0.0,8032.66
697,2025-11-06,Bruno Santos,Monitor,1,1587.98,0.0,1587.98
748,2025-11-07,Eduardo Lima,Headset,2,851.91,0.0,1703.82
188,2025-11-07,Juliana Ribeiro,Mouse,1,159.08,0.0,159.08
304,2025-11-11,William Torres,Teclado,3,281.86,0.0,845.58
160,2025-11-12,Eduardo Lima,Notebook,1,4666.68,0.0,4666.68
413,2025-11-12,Eduardo Lima,Headset,2,370.12,0.0,740.24
36,2025-11-12,Eduardo Lima,Mouse,2,69.82,0.0,139.64
384,2025-11-12,Ana Silva,Monitor,1,2324.66,0.0,2324.66
837,2025-11-12,Rafael Barros,Notebook,2,4267.16,0.05,8107.6
223,2025-11-14,Sofia Moura,Mouse,4,90.49,0.0,361.96
191,2025-11-14,Lucas Araujo,Monitor,2,2373.23,0.0,4746.46
127,2025-11-14,Rafael Barros,Notebook,1,3443.58,0.0,3443.58
390,2025-11-15,Natalia Pacheco,Monitor,2,2322.6,0.0,4645.2
758,2025-11-15,Igor Alves,Headset,2,382.76,0.0,765.52
662,2025-11-15,Eduardo Lima,Teclado,3,299.78,0.0,899.34
370,2025-11-16,Sofia Moura,Headset,2,574.86,0.0,1149.72
40,2025-11-17,Rafael Barros,Mouse,1,94.06,0.0,94.06
316,2025-11-18,Thiago Guedes,Monitor,1,1658.81,0.0,1658.81
733,2025-11-19,Paulo Teixeira,Monitor,1,1279.09,0.0,1279.09
540,2025-11-19,Rafael Barros,Headset,2,240.89,0.0,481.78
989,2025-11-20,Gabriel Rocha,Mouse,1,139.45,0.0,139.45
498,2025-11-20,Carla Oliveira,Notebook,1,4564.26,0.0,4564.26
502,2025-11-21,Natalia Pacheco,Notebook,1,4758.32,0.0,4758.32
142,2025-11-21,Gabriel Rocha,Mouse,3,135.82,0.0,407.46
866,2025-11-22,Vanessa Cunha,Teclado,3,292.42,0.05,833.4
925,2025-11-22,Rafael Barros,Teclado,1,321.21,0.0,321.21
198,2025-11-22,Eduardo Lima,Teclado,2,497.95,0.0,995.9
412,2025-11-22,Helena Martins,Notebook,1,4792.43,0.0,4792.43
587,2025-11-23,Renata Farias,Notebook,2,4017.24,0.0,8034.48
549,2025-11-25,Igor Alves,Notebook,2,4896.08,0.0,9792.16
823,2025-11-26,Thiago Guedes,Monitor,1,2072.8,0.0,2072.8
464,2025-11-27,William Torres,Notebook,1,5002.6,0.0,5002.6
403,2025-11-28,Diego Pereira,Teclado,2,363.39,0.1,654.1
700,2025-11-28,Natalia Pacheco,Headset,1,734.0,0.0,734.0
881,2025-11-29,Mariana Nogueira,Monitor,2,2193.45,0.0,4386.9
559,2025-11-29,Bruno Santos,Headset,1,224.92,0.05,213.67
211,2025-11-29,Fernanda Costa,Notebook,2,3250.4,0.0,6500.8
156,2025-11-29,Fernanda Costa,Teclado,2,467.25,0.1,841.05
358,2025-11-30,Carla Oliveira,Notebook,1,4050.02,0.0,4050.02
38,2025-11-30,Sofia Moura,Teclado,1,464.86,0.0,464.86
6,2025-12-01,William Torres,Notebook,2,4876.66,0.05,9265.65
86,2025-12-02,Natalia Pacheco,Monitor,2,1591.23,0.1,2864.21
74,2025-12-03,Rafael Barros,Teclado,1,147.16,0.0,147.16
705,2025-12-04,Bruno Santos,Notebook,1,3670.23,0.0,3670.23
455,2025-12-04,Rafael Barros,Headset,1,760.8,0.0,760.8
788,2025-12-04,Helena Martins,Monitor,1,2106.19,0.0,2106.19
301,2025-12-06,Gabriel Rocha,Teclado,2,175.39,0.0,350.78
743,2025-12-09,Fernanda Costa,Monitor,1,1275.08,0.0,1275.08
717,2025-12-09,Mariana Nogueira,Monitor,1,1157.09,0.0,1157.09
935,2025-12-10,Paulo Teixeira,Mouse,2,237.52,0.05,451.29
226,2025-12-10,Renata Farias,Monitor,1,1962.75,0.0,1962.75
183,2025-12-10,Carla Oliveira,Monitor,1,1770.81,0.0,1770.81
253,2025-12-11,Igor Alves,Monitor,1,2274.11,0.1,2046.7
749,2025-12-14,Thiago Guedes,Teclado,3,247.44,0.1,668.09
635,2025-12-14,Lucas Araujo,Mouse,2,122.36,0.1,220.25
895,2025-12-14,Carla Oliveira,Teclado,3,435.08,0.0,1305.24
964,2025-12-15,Renata Farias,Monitor,1,2445.2,0.0,2445.2
759,2025-12-17,Eduardo Lima,Headset,2,873.62,0.0,1747.24
569,2025-12-18,Helena Martins,Teclado,2,221.18,0.0,442.36
867,2025-12-19,Juliana Ribeiro,Notebook,2,5094.17,0.0,10188.34
89,2025-12-20,Paulo Teixeira,Headset,2,553.46,0.0,1106.92
303,2025-12-20,Carla Oliveira,Notebook,1,3469.57,0.0,3469.57
709,2025-12-24,Thiago Guedes,Mouse,2,233.02,0.0,466.04
974,2025-12-24,Gabriel Rocha,Headset,2,893.04,0.0,1786.08
88,2025-12-25,Fernanda Costa,Notebook,1,3355.26,0.0,3355.26
871,2025-12-26,Diego Pereira,Teclado,1,294.03,0.0,294.03
128,2025-12-26,Mariana Nogueira,Mouse,2,89.42,0.0,178.84
400,2025-12-27,Bruno Santos,Headset,2,334.74,0.0,669.48
84,2025-12-27,Fernanda Costa,Notebook,1,3839.06,0.0,3839.06
519,2025-12-27,Fernanda Costa,Mouse,1,92.25,0.05,87.64
125,2025-12-28,Renata Farias,Teclado,2,535.73,0.0,1071.46
556,2025-12-29,William Torres,Mouse,2,244.94,0.0,489.88
534,2025-12-29,Natalia Pacheco,Mouse,2,170.81,0.0,341.62
76,2025-12-30,Lucas Araujo,Headset,2,860.0,0.0,1720.0
848,2025-12-30,Diego Pereira,Notebook,1,3596.8,0.0,3596.8
224,2025-12-30,Bruno Santos,Notebook,1,3362.13,0.05,3194.02
